COUNTRY_CODE,COG,LIBCOG,LIBENR,CODEISO2,CODEISO3
103,99103,NORVEGE,ROYAUME DE NORVÈGE,NO,NOR
104,99104,SUEDE,ROYAUME DE SUÈDE,SE,SWE
105,99105,FINLANDE,RÉPUBLIQUE DE FINLANDE,FI,FIN
110,99110,AUTRICHE,RÉPUBLIQUE D'AUTRICHE,AT,AUT
112,99112,HONGRIE,RÉPUBLIQUE DE HONGRIE,HU,HUN
116,99116,TCHEQUE (REPUBLIQUE),RÉPUBLIQUE TCHÈQUE,CZ,CZE
117,99117,SLOVAQUIE,RÉPUBLIQUE SLOVAQUE,SK,SVK
118,99118,BOSNIE-HERZEGOVINE,RÉPUBLIQUE DE BOSNIE-HERZÉGOVINE,BA,BIH
120,99120,MONTENEGRO,RÉPUBLIQUE DU MONTÉNÉGRO,ME,MNE
121,99121,SERBIE,RÉPUBLIQUE DE SERBIE,RS,SRB
122,99122,POLOGNE,RÉPUBLIQUE DE POLOGNE,PL,POL
123,99123,RUSSIE,FÉDÉRATION DE RUSSIE,RU,RUS
127,99127,ITALIE,RÉPUBLIQUE ITALIENNE,IT,ITA
128,99128,SAINT-MARIN,RÉPUBLIQUE DE SAINT-MARIN,SM,SMR
129,99129,"VATICAN, ou SAINT-SIEGE",ÉTAT DE LA CITÉ DU VATICAN,VA,VAT
130,99130,ANDORRE,PRINCIPAUTÉ D'ANDORRE,AD,AND
131,99131,BELGIQUE,ROYAUME DE BELGIQUE,BE,BEL
132,99132,ROYAUME-UNI,ROYAUME-UNI DE GRANDE-BRETAGNE ET D'IRLANDE DU NORD,GB,GBR
134,99134,ESPAGNE,ROYAUME D'ESPAGNE,ES,ESP
137,99137,LUXEMBOURG,GRAND-DUCHÉ DE LUXEMBOURG,LU,LUX
144,99144,MALTE,RÉPUBLIQUE DE MALTE,MT,MLT
145,99145,SLOVENIE,RÉPUBLIQUE DE SLOVÉNIE,SI,SVN
148,99148,BIELORUSSIE,RÉPUBLIQUE DE BIÉLORUSSIE,BY,BLR
157,99157,KOSOVO,RÉPUBLIQUE DU KOSOVO,XK,
206,99206,SYRIE,RÉPUBLIQUE ARABE SYRIENNE,SY,SYR
213,99213,PAKISTAN,RÉPUBLIQUE ISLAMIQUE DU PAKISTAN,PK,PAK
214,99214,BHOUTAN,ROYAUME DU BHOUTAN,BT,BTN
219,99219,THAILANDE,ROYAUME DE THAÏLANDE,TH,THA
220,99220,PHILIPPINES,RÉPUBLIQUE DES PHILIPPINES,PH,PHL
222,99222,JORDANIE,ROYAUME HACHÉMITE DE JORDANIE,JO,JOR
224,99224,BIRMANIE,UNION DE BIRMANIE,MM,MMR
225,99225,BRUNEI,NEGARA BRUNEI DARUSSALAM,BN,BRN
229,99229,MALDIVES,RÉPUBLIQUE DES MALDIVES,MV,MDV
235,99235,SRI LANKA,RÉPUBLIQUE DÉMOCRATIQUE SOCIALISTE DU SRI LANKA,LK,LKA
241,99241,LAOS,RÉPUBLIQUE DÉMOCRATIQUE POPULAIRE LAO,LA,LAO
243,99243,VIET NAM,RÉPUBLIQUE SOCIALISTE DU VIÊT NAM,VN,VNM
246,99246,BANGLADESH,RÉPUBLIQUE POPULAIRE DU BANGLADESH,BD,BGD
248,99248,QATAR,ÉTAT DU QATAR,QA,QAT
249,99249,BAHREIN,ÉTAT DE BAHREÏN,BH,BHR
250,99250,OMAN,SULTANAT D'OMAN,OM,OMN
252,99252,ARMENIE,RÉPUBLIQUE D'ARMÉNIE,AM,ARM
254,99254,CHYPRE,RÉPUBLIQUE DE CHYPRE,CY,CYP
256,99256,KAZAKHSTAN,RÉPUBLIQUE DU KAZAKHSTAN,KZ,KAZ
257,99257,KIRGHIZISTAN,RÉPUBLIQUE KIRGHIZE,KG,KGZ
258,99258,OUZBEKISTAN,RÉPUBLIQUE D'OUZBÉKISTAN,UZ,UZB
259,99259,TADJIKISTAN,RÉPUBLIQUE DU TADJIKISTAN,TJ,TJK
262,99262,TIMOR ORIENTAL,RÉPUBLIQUE DÉMOCRATIQUE DU TIMOR ORIENTAL,TL,TLS
302,99302,LIBERIA,RÉPUBLIQUE DU LIBERIA,LR,LBR
304,99304,GAMBIE,RÉPUBLIQUE DE GAMBIE,GM,GMB
101,99101,DANEMARK,ROYAUME DU DANEMARK,DK,DNK
102,99102,ISLANDE,RÉPUBLIQUE D'ISLANDE,IS,ISL
106,99106,ESTONIE,RÉPUBLIQUE D'ESTONIE,EE,EST
107,99107,LETTONIE,RÉPUBLIQUE DE LETTONIE,LV,LVA
108,99108,LITUANIE,RÉPUBLIQUE DE LITUANIE,LT,LTU
109,99109,ALLEMAGNE,RÉPUBLIQUE FÉDÉRALE D'ALLEMAGNE,DE,DEU
111,99111,BULGARIE,RÉPUBLIQUE DE BULGARIE,BG,BGR
113,99113,LIECHTENSTEIN,PRINCIPAUTÉ DE LIECHTENSTEIN,LI,LIE
114,99114,ROUMANIE,ROUMANIE,RO,ROU
119,99119,CROATIE,RÉPUBLIQUE DE CROATIE,HR,HRV
125,99125,ALBANIE,RÉPUBLIQUE D'ALBANIE,AL,ALB
126,99126,GRECE,RÉPUBLIQUE HELLÉNIQUE,GR,GRC
135,99135,PAYS-BAS,ROYAUME DES PAYS-BAS,NL,NLD
136,99136,"IRLANDE, ou EIRE",IRLANDE,IE,IRL
138,99138,MONACO,PRINCIPAUTÉ DE MONACO,MC,MCO
139,99139,PORTUGAL,RÉPUBLIQUE PORTUGAISE,PT,PRT
140,99140,SUISSE,CONFÉDÉRATION SUISSE,CH,CHE
151,99151,MOLDAVIE,RÉPUBLIQUE DE MOLDAVIE,MD,MDA
155,99155,UKRAINE,UKRAINE,UA,UKR
156,99156,EX-REPUBLIQUE YOUGOSLAVE DE MACEDOINE,EX-RÉPUBLIQUE YOUGOSLAVE DE MACÉDOINE,MK,MKD
201,99201,ARABIE SAOUDITE,ROYAUME D'ARABIE SAOUDITE,SA,SAU
203,99203,IRAQ,RÉPUBLIQUE D'IRAQ,IQ,IRQ
204,99204,IRAN,RÉPUBLIQUE ISLAMIQUE D'IRAN,IR,IRN
205,99205,LIBAN,RÉPUBLIQUE LIBANAISE,LB,LBN
207,99207,ISRAEL,ÉTAT D'ISRAËL,IL,ISR
208,99208,TURQUIE,RÉPUBLIQUE TURQUE,TR,TUR
212,99212,AFGHANISTAN,ÉTAT ISLAMIQUE D'AFGHANISTAN,AF,AFG
215,99215,NEPAL,ROYAUME DU NÉPAL,NP,NPL
216,99216,CHINE,RÉPUBLIQUE POPULAIRE DE CHINE,CN,CHN
217,99217,JAPON,JAPON,JP,JPN
223,99223,INDE,RÉPUBLIQUE DE L'INDE,IN,IND
226,99226,SINGAPOUR,RÉPUBLIQUE DE SINGAPOUR,SG,SGP
227,99227,MALAISIE,MALAISIE,MY,MYS
231,99231,INDONESIE,RÉPUBLIQUE D'INDONÉSIE,ID,IDN
234,99234,CAMBODGE,ROYAUME DU CAMBODGE,KH,KHM
238,99238,COREE (REPUBLIQUE POPULAIRE DEMOCRATIQUE DE),RÉPUBLIQUE POPULAIRE DÉMOCRATIQUE DE CORÉE,KP,PRK
239,99239,COREE (REPUBLIQUE DE),RÉPUBLIQUE DE CORÉE,KR,KOR
240,99240,KOWEIT,ÉTAT DU KOWEÏT,KW,KWT
242,99242,MONGOLIE,MONGOLIE,MN,MNG
247,99247,EMIRATS ARABES UNIS,ÉMIRATS ARABES UNIS,AE,ARE
251,99251,YEMEN,RÉPUBLIQUE DU YÉMEN,YE,YEM
253,99253,AZERBAIDJAN,RÉPUBLIQUE AZERBAÏDJANAISE,AZ,AZE
255,99255,GEORGIE,RÉPUBLIQUE DE GÉORGIE,GE,GEO
260,99260,TURKMENISTAN,TURKMÉNISTAN,TM,TKM
261,99261,PALESTINE (Etat de),ÉTAT DE PALESTINE,PS,PSE
301,99301,EGYPTE,RÉPUBLIQUE ARABE D'ÉGYPTE,EG,EGY
303,99303,AFRIQUE DU SUD,RÉPUBLIQUE D'AFRIQUE DU SUD,ZA,ZAF
310,99310,ZIMBABWE,RÉPUBLIQUE DU ZIMBABWE,ZW,ZWE
312,99312,CONGO (REPUBLIQUE DEMOCRATIQUE),RÉPUBLIQUE DÉMOCRATIQUE DU CONGO,CD,COD
314,99314,GUINEE EQUATORIALE,RÉPUBLIQUE DE GUINÉE ÉQUATORIALE,GQ,GNQ
321,99321,BURUNDI,RÉPUBLIQUE DU BURUNDI,BI,BDI
322,99322,CAMEROUN,RÉPUBLIQUE DU CAMEROUN,CM,CMR
327,99327,BENIN,RÉPUBLIQUE DU BÉNIN,BJ,BEN
330,99330,GUINEE,RÉPUBLIQUE DE GUINÉE,GN,GIN
331,99331,BURKINA,BURKINA FASO,BF,BFA
332,99332,KENYA,RÉPUBLIQUE DU KENYA,KE,KEN
335,99335,MALI,RÉPUBLIQUE DU MALI,ML,MLI
337,99337,NIGER,RÉPUBLIQUE DU NIGER,NE,NER
338,99338,NIGERIA,RÉPUBLIQUE FÉDÉRALE DU NIGÉRIA,NG,NGA
339,99339,OUGANDA,RÉPUBLIQUE DE L'OUGANDA,UG,UGA
340,99340,RWANDA,RÉPUBLIQUE RWANDAISE,RW,RWA
343,99343,SOUDAN,RÉPUBLIQUE DU SOUDAN,SD,SDN
344,99344,TCHAD,RÉPUBLIQUE DU TCHAD,TD,TCD
345,99345,TOGO,RÉPUBLIQUE TOGOLAISE,TG,TGO
346,99346,ZAMBIE,RÉPUBLIQUE DE ZAMBIE,ZM,ZMB
347,99347,BOTSWANA,RÉPUBLIQUE DU BOTSWANA,BW,BWA
349,99349,SOUDAN DU SUD,RÉPUBLIQUE DU SOUDAN DU SUD,SS,SSD
352,99352,ALGERIE,RÉPUBLIQUE ALGÉRIENNE DÉMOCRATIQUE ET POPULAIRE,DZ,DZA
390,99390,MAURICE,RÉPUBLIQUE DE MAURICE,MU,MUS
391,99391,SWAZILAND,ROYAUME DU SWAZILAND,SZ,SWZ
392,99392,GUINEE-BISSAU,RÉPUBLIQUE DE GUINÉE-BISSAU,GW,GNB
396,99396,CAP-VERT,RÉPUBLIQUE DU CAP-VERT,CV,CPV
397,99397,COMORES,RÉPUBLIQUE FÉDÉRALE ISLAMIQUE DES COMORES,KM,COM
398,99398,SEYCHELLES,RÉPUBLIQUE DES SEYCHELLES,SC,SYC
399,99399,DJIBOUTI,RÉPUBLIQUE DE DJIBOUTI,DJ,DJI
401,99401,CANADA,CANADA,CA,CAN
404,99404,ETATS-UNIS,ÉTATS-UNIS D'AMÉRIQUE,US,USA
408,99408,DOMINICAINE (REPUBLIQUE),RÉPUBLIQUE DOMINICAINE,DO,DOM
409,99409,GUATEMALA,RÉPUBLIQUE DU GUATEMALA,GT,GTM
411,99411,HONDURAS,RÉPUBLIQUE DU HONDURAS,HN,HND
412,99412,NICARAGUA,RÉPUBLIQUE DU NICARAGUA,NI,NIC
413,99413,PANAMA,RÉPUBLIQUE DU PANAMA,PA,PAN
414,99414,EL SALVADOR,RÉPUBLIQUE DU SALVADOR,SV,SLV
415,99415,ARGENTINE,RÉPUBLIQUE ARGENTINE,AR,ARG
418,99418,BOLIVIE,ÉTAT PLURINATIONAL DE BOLIVIE,BO,BOL
419,99419,COLOMBIE,RÉPUBLIQUE DE COLOMBIE,CO,COL
422,99422,PEROU,RÉPUBLIQUE DU PÉROU,PE,PER
428,99428,GUYANA,RÉPUBLIQUE COOPÉRATIVE DE GUYANA,GY,GUY
429,99429,BELIZE,BELIZE,BZ,BLZ
433,99433,TRINITE-ET-TOBAGO,RÉPUBLIQUE DE TRINITÉ-ET-TOBAGO,TT,TTO
434,99434,BARBADE,BARBADE,BB,BRB
438,99438,DOMINIQUE,COMMONWEALTH DE DOMINIQUE,DM,DMA
439,99439,SAINTE-LUCIE,SAINTE-LUCIE,LC,LCA
440,99440,SAINT-VINCENT-ET-LES GRENADINES,SAINT-VINCENT-ET-LES GRENADINES,VC,VCT
443,99443,"BONAIRE, SAINT EUSTACHE ET SABA","BONAIRE, SAINT EUSTACHE ET SABA",BQ,BES
501,99501,AUSTRALIE,AUSTRALIE,AU,AUS
508,99508,FIDJI,RÉPUBLIQUE DES FIDJI,FJ,FJI
509,99509,TONGA,ROYAUME DES TONGA,TO,TON
514,99514,VANUATU,RÉPUBLIQUE DE VANUATU,VU,VUT
517,99517,PALAOS (ILES),RÉPUBLIQUE DES ÎLES PALAOS,PW,PLW
100,XXXXX,FRANCE,RÉPUBLIQUE FRANÇAISE,FR,FRA
309,99309,TANZANIE,RÉPUBLIQUE UNIE DE TANZANIE,TZ,TZA
311,99311,NAMIBIE,RÉPUBLIQUE DE NAMIBIE,NA,NAM
315,99315,ETHIOPIE,RÉPUBLIQUE DÉMOCRATIQUE FÉDÉRALE D'ÉTHIOPIE,ET,ETH
316,99316,LIBYE,JAMAHIRIYA ARABE LIBYENNE POPULAIRE ET SOCIALISTE,LY,LBY
317,99317,ERYTHREE,ÉTAT D'ÉRYTHRÉE,ER,ERI
318,99318,SOMALIE,SOMALIE,SO,SOM
323,99323,CENTRAFRICAINE (REPUBLIQUE),RÉPUBLIQUE CENTRAFRICAINE,CF,CAF
324,99324,CONGO,RÉPUBLIQUE DU CONGO,CG,SNPC_COUNTRY_CODE
326,99326,COTE D'IVOIRE,RÉPUBLIQUE DE CÔTE D'IVOIRE,CI,CIV
328,99328,GABON,RÉPUBLIQUE GABONAISE,GA,GAB
329,99329,GHANA,RÉPUBLIQUE DU GHANA,GH,GHA
333,99333,MADAGASCAR,RÉPUBLIQUE DE MADAGASCAR,MG,MDG
334,99334,MALAWI,RÉPUBLIQUE DU MALAWI,MW,MWI
336,99336,MAURITANIE,RÉPUBLIQUE ISLAMIQUE DE MAURITANIE,MR,MRT
341,99341,SENEGAL,RÉPUBLIQUE DU SÉNÉGAL,SN,SEN
342,99342,SIERRA LEONE,RÉPUBLIQUE DE SIERRA LEONE,SL,SLE
348,99348,LESOTHO,ROYAUME DU LESOTHO,LS,LSO
350,99350,MAROC,ROYAUME DU MAROC,MA,MAR
351,99351,TUNISIE,RÉPUBLIQUE TUNISIENNE,TN,TUN
393,99393,MOZAMBIQUE,RÉPUBLIQUE DU MOZAMBIQUE,MZ,MOZ
394,99394,SAO TOME-ET-PRINCIPE,RÉPUBLIQUE DÉMOCRATIQUE DE SAO TOMÉ-ET-PRINCIPE,ST,STP
395,99395,ANGOLA,RÉPUBLIQUE D'ANGOLA,AO,AGO
405,99405,MEXIQUE,ÉTATS-UNIS DU MEXIQUE,MX,MEX
406,99406,COSTA RICA,RÉPUBLIQUE DU COSTA RICA,CR,CRI
407,99407,CUBA,RÉPUBLIQUE DE CUBA,CU,CUB
410,99410,HAITI,RÉPUBLIQUE D'HAÏTI,HT,HTI
416,99416,BRESIL,RÉPUBLIQUE FÉDÉRATIVE DU BRÉSIL,BR,BRA
417,99417,CHILI,RÉPUBLIQUE DU CHILI,CL,CHL
420,99420,EQUATEUR,RÉPUBLIQUE DE L'ÉQUATEUR,EC,ECU
421,99421,PARAGUAY,RÉPUBLIQUE DU PARAGUAY,PY,PRY
423,99423,URUGUAY,RÉPUBLIQUE ORIENTALE DE L'URUGUAY,UY,URY
424,99424,VENEZUELA,RÉPUBLIQUE BOLIVARIENNE DU VENEZUELA,VE,VEN
426,99426,JAMAIQUE,JAMAÏQUE,JM,JAM
435,99435,GRENADE,GRENADE,GD,GRD
436,99436,BAHAMAS,COMMONWEALTH DES BAHAMAS,BS,BHS
437,99437,SURINAME,RÉPUBLIQUE DU SURINAME,SR,SUR
441,99441,ANTIGUA-ET-BARBUDA,ANTIGUA-ET-BARBUDA,AG,ATG
442,99442,SAINT-CHRISTOPHE-ET-NIEVES,FÉDÉRATION DE SAINT-CHRISTOPHE-ET-NIÉVÈS,KN,KNA
444,99444,CURAÇAO,CURAÇAO,CW,CUW
445,99445,SAINT-MARTIN (PARTIE NEERLANDAISE),SAINT-MARTIN (PARTIE NÉERLANDAISE),SX,SXM
502,99502,NOUVELLE-ZELANDE,NOUVELLE-ZÉLANDE,NZ,NZL
506,99506,SAMOA OCCIDENTALES,ÉTAT INDÉPENDANT DES SAMOA OCCIDENTALES,WS,WSM
507,99507,NAURU,RÉPUBLIQUE DE NAURU,NR,NRU
510,99510,PAPOUASIE-NOUVELLE-GUINEE,PAPOUASIE-NOUVELLE-GUINÉE,PG,PNG
511,99511,TUVALU,TUVALU,TV,TUV
512,99512,SALOMON (ILES),ÎLES SALOMON,SB,SLB
513,99513,KIRIBATI,RÉPUBLIQUE DE KIRIBATI,KI,KIR
515,99515,MARSHALL (ILES),RÉPUBLIQUE DES ÎLES MARSHALL,MH,MHL
516,99516,MICRONESIE (ETATS FEDERES DE),ÉTATS FÉDÉRÉS DE MICRONÉSIE,FM,FSM
